Age,Gender,OwnHome,Married,Location(km),Salary,Children,History,Catalogs,AmountSpent,Customer Segment
58,Female,Own,Single,12.37,47500,0,High,6,755,Medium value
39,Male,Rent,Single,5.37,63600,0,High,6,1318,Medium value
26,Female,Rent,Single,3.02,13500,0,Low,18,296,Low value
54,Male,Own,Married,6.53,85600,1,High,18,2436,High value
37,Female,Own,Single,3.04,68400,0,High,12,1304,Medium value
19,Male,Own,Married,3.13,30400,0,Low,6,495,Medium value
49,Female,Rent,Single,6.53,48100,0,Medium,12,782,Medium value
48,Male,Own,Single,7.74,68400,0,High,18,1155,Medium value
53,Female,Own,Married,7.8,51900,3,Low,6,158,Low value
62,Male,Own,Married,14,80700,0,NA,18,3034,High value
18,Male,Rent,Married,4.88,43700,1,NA,12,927,Medium value
45,Male,Own,Married,11.33,111800,3,High,18,2065,High value
40,Female,Own,Married,5.02,44100,1,Medium,24,704,Medium value
54,Male,Own,Married,4.04,111400,0,High,12,2136,High value
60,Female,Own,Married,18.12,110000,0,High,24,5564,High value
40,Female,Own,Married,11.69,83100,1,NA,12,2766,High value
65,Female,Own,Married,2.78,82800,0,High,24,3010,High value
46,Male,Own,Married,7.05,90100,0,High,18,1956,High value
48,Male,Rent,Single,5.33,38600,1,Low,18,542,Medium value
70,Female,Rent,Single,11.21,14000,0,Low,12,410,Low value
28,Female,Rent,Single,13.52,14300,2,Low,6,194,Low value
20,Male,Rent,Married,4.88,49800,0,Medium,12,827,Medium value
63,Female,Rent,Married,10.12,60200,0,High,18,2328,High value
20,Male,Rent,Married,18.28,43500,1,Medium,12,808,Medium value
32,Female,Rent,Married,4.33,41700,1,NA,6,521,Medium value
49,Female,Own,Married,5.04,92300,3,Low,18,655,Medium value
55,Male,Own,Single,7.98,62800,3,NA,6,707,Medium value
42,Female,Rent,Married,18.2,72900,0,High,18,2075,High value
41,Female,Rent,Married,6.02,66900,2,Medium,12,769,Medium value
32,Male,Rent,Single,6.08,21700,1,NA,18,774,Medium value
66,Female,Rent,Married,6.25,39700,0,Medium,12,573,Medium value
40,Male,Rent,Married,11.59,72200,1,High,12,2082,High value
47,Female,Rent,Married,5.93,87700,3,NA,24,2446,High value
40,Male,Own,Married,5.02,104100,0,High,24,2636,High value
44,Male,Rent,Single,13.99,67700,0,High,12,2226,High value
48,Female,Own,Single,7.6,27000,2,Low,6,183,Low value
44,Female,Own,Single,11.07,64100,2,High,24,1595,Medium value
54,Male,Rent,Single,6.02,47000,1,Medium,12,584,Medium value
66,Female,Own,Married,3.05,41600,0,NA,18,982,Medium value
57,Female,Rent,Single,7.24,20100,0,Low,24,576,Medium value
48,Male,Own,Single,6.28,64000,3,Low,12,410,Low value
41,Female,Own,Married,19.96,96800,3,NA,24,3082,High value
52,Male,Rent,Married,5.94,76200,1,NA,24,2437,High value
69,Female,Rent,Married,16.99,81500,0,High,18,3655,High value
50,Female,Own,Single,5.44,49600,1,Medium,12,844,Medium value
66,Female,Own,Married,3.37,111500,0,High,18,2510,High value
48,Male,Own,Married,5.21,77700,0,NA,6,983,Medium value
28,Male,Own,Married,4.76,58900,0,NA,18,1215,Medium value
55,Male,Own,Married,6.05,126500,2,High,18,2000,High value
42,Female,Own,Married,2.81,83300,1,High,24,2574,High value
38,Female,Own,Married,5.91,90500,1,High,6,1116,Medium value
38,Female,Own,Married,19.3,87200,0,High,18,3604,High value
40,Female,Own,Married,2.12,105300,1,NA,24,3360,High value
53,Female,Own,Single,19.75,56000,3,Medium,6,530,Medium value
43,Female,Rent,Single,7.7,46600,0,Medium,24,906,Medium value
57,Male,Rent,Married,5.54,69800,0,High,24,2764,High value
47,Male,Own,Single,3.35,60300,0,High,24,1263,Medium value
35,Male,Rent,Married,2.23,67800,0,High,12,1084,Medium value
37,Male,Rent,Single,4.74,42300,0,Medium,24,1051,Medium value
32,Female,Own,Married,14.33,33700,0,NA,6,614,Medium value
54,Male,Own,Single,2.91,62700,2,Medium,12,704,Medium value
29,Female,Own,Single,3.39,25900,2,NA,12,449,Low value
18,Female,Own,Single,5.63,15600,1,Low,6,136,Low value
65,Female,Own,Single,3.72,14600,0,Low,24,468,Low value
58,Female,Own,Married,4.77,62600,0,High,6,565,Medium value
22,Male,Rent,Married,3.05,66700,0,NA,18,1310,Medium value
38,Male,Own,Married,18.45,72500,0,NA,24,2595,High value
28,Female,Rent,Single,16.5,13200,0,NA,24,358,Low value
53,Female,Own,Single,3.66,51300,0,Medium,24,1424,Medium value
48,Male,Own,Single,16.61,72300,0,High,24,4182,High value
25,Female,Rent,Single,4.69,15600,0,NA,12,468,Low value
49,Female,Own,Married,16.58,90400,1,High,18,2924,High value
55,Male,Own,Single,16.11,71500,0,NA,6,964,Medium value
27,Male,Rent,Single,2.48,14400,0,NA,24,615,Medium value
32,Male,Rent,Single,6.96,15000,3,Low,6,38,Low value
37,Male,Own,Single,2.22,57600,1,NA,6,1006,Medium value
22,Female,Rent,Married,3.79,60600,3,Low,12,307,Low value
50,Male,Own,Married,18.12,84300,2,High,18,1648,Medium value
30,Female,Own,Single,7.32,24400,1,Low,6,220,Low value
23,Female,Rent,Single,4.87,22100,2,Low,18,280,Low value
49,Male,Rent,Married,17.54,48800,2,NA,12,1647,Medium value
49,Female,Own,Married,4.86,74700,1,Medium,6,704,Medium value
24,Female,Rent,Single,18.52,32400,1,Medium,24,920,Medium value
62,Female,Own,Single,3.17,11400,0,NA,6,258,Low value
40,Male,Own,Married,2.28,127000,0,NA,12,1821,High value
39,Male,Rent,Single,7.01,47200,0,Medium,18,1587,Medium value
51,Female,Own,Single,3.83,48700,2,Low,12,528,Medium value
25,Male,Rent,Single,17.97,20400,0,Medium,18,867,Medium value
49,Male,Rent,Single,3.94,39000,0,NA,6,643,Medium value
34,Female,Rent,Single,3.66,12900,1,Low,6,107,Low value
40,Female,Rent,Married,11.66,67300,1,High,18,1513,Medium value
62,Male,Own,Married,7.96,134500,0,High,24,4558,High value
60,Male,Own,Married,6.41,75500,0,High,6,741,Medium value
63,Female,Own,Married,18.85,33600,2,Medium,12,805,Medium value
23,Female,Rent,Single,5.6,16300,1,NA,12,470,Low value
27,Male,Rent,Married,4.08,27400,1,Low,6,278,Low value
39,Female,Own,Married,6.17,110400,3,Low,24,1093,Medium value
20,Female,Rent,Single,12.79,21100,1,Low,6,470,Low value
46,Male,Own,Married,7.97,81200,0,High,24,1856,High value
43,Male,Rent,Married,19.33,87100,2,High,18,1688,Medium value
22,Female,Rent,Single,17.94,21700,3,NA,24,708,Medium value
41,Female,Rent,Single,3.8,42200,0,NA,18,1753,High value
47,Male,Rent,Single,10.66,59000,0,High,24,3044,High value
47,Female,Own,Single,4.66,52700,2,Low,18,855,Medium value
33,Male,Own,Single,7.86,20900,0,Low,24,550,Medium value
40,Male,Own,Married,13.35,90700,3,High,24,2265,High value
56,Female,Own,Married,16.06,91800,0,NA,24,2452,High value
32,Female,Own,Single,11.08,27900,0,Medium,18,1184,Medium value
64,Female,Own,Married,2.08,70700,0,High,24,2150,High value
38,Male,Own,Married,4.96,79600,2,NA,6,1575,Medium value
37,Male,Rent,Married,6.42,96400,1,High,24,1822,High value
55,Female,Own,Single,3.38,46600,2,NA,18,1153,Medium value
57,Male,Own,Married,2.17,106600,0,High,12,1877,High value
42,Female,Rent,Married,6.38,104900,3,Low,6,450,Low value
68,Male,Rent,Single,7.56,56300,0,Medium,6,873,Medium value
24,Female,Rent,Single,7.54,14800,1,Low,6,209,Low value
65,Male,Own,Married,7.31,58300,0,Medium,24,1472,Medium value
39,Male,Own,Single,16.69,70200,0,High,12,1702,High value
58,Male,Own,Married,13.68,59700,0,High,18,1857,High value
26,Male,Rent,Single,7.06,25800,0,NA,6,451,Low value
29,Female,Rent,Single,5.71,12000,0,Low,24,344,Low value
53,Male,Rent,Single,17.34,51900,0,High,18,1492,Medium value
48,Female,Own,Single,19.96,66800,3,NA,24,2098,High value
37,Male,Own,Married,4.33,105300,1,NA,18,3505,High value
23,Female,Rent,Single,19.23,13800,3,Low,6,127,Low value
27,Male,Rent,Single,4.95,14800,3,NA,12,436,Low value
39,Female,Own,Married,18.69,44200,0,High,24,2524,High value
25,Male,Rent,Single,7.82,10400,0,NA,18,189,Low value
52,Female,Own,Single,2.53,35200,0,Medium,12,607,Medium value
27,Female,Rent,Single,10.67,16100,0,NA,6,202,Low value
54,Male,Own,Married,7.98,113000,2,Medium,18,1554,Medium value
54,Male,Own,Married,6.64,63300,2,NA,6,633,Medium value
34,Male,Rent,Single,6.74,19100,0,NA,6,176,Low value
39,Female,Own,Married,7.36,93400,2,NA,24,3079,High value
58,Female,Rent,Married,19.64,52500,0,High,24,2038,High value
39,Female,Rent,Married,13.75,45400,3,Medium,24,1203,Medium value
27,Female,Own,Single,13.09,21400,3,NA,6,326,Low value
38,Female,Own,Single,6.22,53700,3,Low,12,235,Low value
27,Female,Own,Married,15.21,68000,0,High,24,3688,High value
22,Male,Rent,Single,2.86,17400,0,NA,12,332,Low value
20,Female,Rent,Single,2.78,14600,1,Low,6,143,Low value
66,Female,Own,Married,10.08,100100,0,High,12,3104,High value
39,Male,Own,Married,15.74,103700,1,High,24,2339,High value
33,Female,Rent,Single,16.54,10800,3,Low,6,123,Low value
53,Female,Own,Married,3.73,81700,3,Low,24,879,Medium value
56,Female,Rent,Single,2.67,21400,0,Low,18,498,Medium value
67,Female,Own,Married,5.94,114800,0,High,18,3596,High value
66,Female,Own,Married,19.15,67900,0,High,24,2925,High value
49,Male,Own,Married,5.16,53700,1,NA,12,1081,Medium value
25,Female,Rent,Single,13.56,11400,3,NA,12,312,Low value
28,Male,Rent,Married,3.01,34300,3,NA,12,1297,Medium value
30,Female,Rent,Single,4.37,16400,1,Low,12,218,Low value
51,Female,Own,Married,16.32,109800,0,High,18,4279,High value
44,Male,Own,Single,6.3,64200,0,High,18,1642,Medium value
33,Male,Rent,Single,5.01,17000,0,NA,18,581,Medium value
52,Female,Rent,Single,7.76,41400,3,Low,6,223,Low value
47,Female,Own,Single,7.54,49100,2,Low,6,474,Low value
61,Female,Own,Single,19.24,42600,0,High,24,1790,High value
20,Female,Rent,Single,3.33,11900,1,Low,6,143,Low value
53,Male,Own,Married,10.47,113600,2,High,18,3237,High value
51,Male,Own,Single,2.39,52900,1,NA,24,2316,High value
30,Female,Rent,Single,2.08,14300,1,NA,18,458,Low value
22,Male,Rent,Single,7.51,21000,0,Low,24,646,Medium value
48,Male,Own,Single,13.71,59600,2,Medium,18,1217,Medium value
48,Female,Rent,Single,3.04,39700,3,Low,12,238,Low value
59,Male,Own,Married,6.4,51200,0,Medium,12,1293,Medium value
55,Female,Own,Married,6.1,88200,0,NA,24,2749,High value
37,Male,Own,Married,15.21,122100,0,High,12,2408,High value
62,Female,Rent,Married,6.99,84800,0,High,18,2624,High value
42,Male,Own,Married,10.99,140000,0,High,12,4894,High value
64,Female,Own,Single,4.02,28500,0,Low,24,621,Medium value
56,Male,Rent,Single,5.26,60300,0,High,6,701,Medium value
23,Female,Rent,Married,13.92,51900,0,NA,6,780,Medium value
49,Male,Own,Single,6.58,60200,0,Medium,12,1365,Medium value
46,Male,Own,Married,19.96,81200,0,High,12,2693,High value
62,Male,Own,Married,4.57,73100,0,High,6,1582,Medium value
60,Male,Own,Single,7.21,45700,0,Medium,18,724,Medium value
69,Female,Rent,Single,7.01,28900,0,Low,12,830,Medium value
18,Female,Rent,Married,4.64,60100,0,NA,18,1594,Medium value
39,Female,Own,Married,5.16,84800,1,NA,12,1826,High value
68,Female,Own,Married,5.27,35000,0,Medium,6,473,Low value
22,Female,Rent,Married,5.85,61700,0,NA,12,1161,Medium value
69,Female,Rent,Married,2.27,46900,0,Medium,6,703,Medium value
39,Female,Own,Married,6.87,123600,1,NA,12,1892,High value
24,Male,Rent,Married,4.53,45800,0,Medium,6,489,Medium value
38,Male,Own,Married,10.4,77800,1,High,18,1813,High value
56,Female,Own,Single,3.92,48700,1,NA,12,1457,Medium value
37,Female,Rent,Single,17.53,39000,3,Low,6,292,Low value
29,Female,Rent,Married,7.75,40000,0,NA,6,613,Medium value
49,Female,Rent,Married,2.58,118300,1,NA,18,2681,High value
29,Female,Own,Single,6.51,27100,2,Low,24,437,Low value
52,Female,Rent,Married,6.16,91000,2,Medium,6,708,Medium value
50,Female,Own,Married,7.94,35300,0,Medium,24,1093,Medium value
25,Female,Rent,Single,18.1,10200,2,Low,18,213,Low value
22,Female,Rent,Single,7.45,12500,1,Low,6,202,Low value
69,Female,Own,Single,6.55,64600,0,NA,6,1298,Medium value
46,Male,Own,Married,15.02,113800,0,NA,12,3273,High value
51,Male,Own,Married,12.5,113400,3,High,18,1790,High value
31,Female,Rent,Single,7.62,16900,1,Low,6,247,Low value
26,Female,Rent,Single,5.23,13600,1,Low,6,183,Low value
56,Male,Own,Married,15.7,100100,1,High,24,3491,High value
68,Female,Own,Married,11.64,80000,0,High,6,1985,High value
43,Male,Own,Married,6.01,83900,0,High,24,1721,High value
46,Male,Own,Married,7.87,77000,0,High,12,2104,High value
36,Female,Rent,Married,4.24,72900,3,Low,6,252,Low value
27,Male,Rent,Married,7.37,80700,3,Low,6,202,Low value
21,Female,Rent,Married,3.02,40900,1,Medium,18,962,Medium value
27,Female,Rent,Single,2.9,26700,1,NA,12,459,Low value
52,Male,Own,Married,3.97,54700,0,Medium,18,848,Medium value
62,Female,Rent,Married,2.12,23600,1,Low,6,161,Low value
49,Male,Rent,Single,14.41,56900,0,High,24,1857,High value
50,Male,Own,Single,18.82,68700,1,NA,24,1699,High value
27,Female,Rent,Single,3.66,19300,1,Low,24,308,Low value
22,Male,Rent,Married,13.18,20200,1,Low,24,500,Medium value
44,Female,Rent,Married,11.75,61500,3,Medium,24,1162,Medium value
48,Female,Own,Married,11.14,101700,1,NA,24,2551,High value
40,Female,Rent,Married,15.3,120800,1,High,24,5830,High value
24,Female,Rent,Single,10.78,17300,1,Low,18,381,Low value
25,Female,Rent,Married,4.41,42300,0,NA,6,856,Medium value
51,Male,Rent,Single,4.47,53300,0,Medium,18,1720,High value
50,Female,Rent,Single,4.5,42800,0,Medium,12,759,Medium value
40,Male,Own,Married,2.71,98400,0,High,18,3305,High value
50,Female,Own,Single,3.55,51200,0,Medium,18,1257,Medium value
60,Male,Own,Single,6.93,62200,0,NA,12,1583,Medium value
41,Male,Own,Married,3.47,109200,3,Low,24,1102,Medium value
18,Female,Rent,Single,5.61,11400,2,NA,6,186,Low value
28,Female,Rent,Single,3.99,14000,0,Low,12,229,Low value
60,Female,Rent,Married,7.53,97000,0,NA,24,2599,High value
20,Female,Own,Single,10.61,29600,3,NA,12,774,Medium value
67,Male,Own,Married,4.53,71200,1,Medium,12,638,Medium value
69,Female,Rent,Single,17.32,15000,0,Low,12,378,Low value
54,Male,Rent,Married,13.23,64000,1,NA,6,1552,Medium value
66,Male,Own,Married,17.08,33000,0,Medium,12,979,Medium value
66,Female,Own,Married,5.33,74400,0,High,18,2479,High value
33,Male,Rent,Single,19.87,20300,2,Low,24,450,Low value
52,Male,Rent,Married,5,68700,0,High,24,2763,High value
34,Male,Rent,Married,19.22,53600,3,Medium,24,1560,Medium value
61,Female,Own,Single,2.01,33200,0,Medium,24,1037,Medium value
20,Female,Own,Married,11.73,70900,0,NA,6,690,Medium value
26,Female,Rent,Single,6.18,23200,3,NA,24,770,Medium value
30,Male,Own,Single,6.6,41400,0,Medium,18,643,Medium value
35,Female,Rent,Married,4.74,63200,0,High,24,1512,Medium value
66,Male,Own,Married,5.75,107400,0,High,12,1485,Medium value
23,Male,Rent,Single,18.23,13900,0,NA,24,570,Medium value
53,Female,Rent,Married,4.46,79900,1,Medium,18,1165,Medium value
50,Male,Own,Married,11.74,120000,3,High,18,1926,High value
69,Male,Rent,Married,17.7,66300,0,NA,18,2243,High value
43,Female,Own,Single,4.62,54400,3,Low,18,342,Low value
41,Male,Own,Married,4.05,84200,0,High,24,1654,Medium value
28,Female,Rent,Married,6.98,13800,0,Low,18,363,Low value
28,Female,Rent,Single,15.35,14500,1,Low,6,222,Low value
28,Male,Rent,Single,7.52,21300,0,Low,24,677,Medium value
65,Male,Rent,Single,4.86,29000,0,Low,6,482,Low value
63,Female,Rent,Single,6.42,14600,1,Low,24,385,Low value
65,Male,Own,Single,5.89,65300,0,High,18,1443,Medium value
49,Female,Own,Married,7.69,100800,1,High,24,1789,High value
24,Female,Rent,Single,13.81,19800,1,Low,24,991,Medium value
52,Male,Own,Single,5.35,56700,2,Low,18,536,Medium value
60,Male,Rent,Married,5.31,90200,0,High,18,2183,High value
32,Male,Rent,Single,2.24,26100,1,NA,6,494,Medium value
21,Female,Rent,Single,3.43,15900,0,Low,18,503,Medium value
33,Female,Rent,Single,6.61,12700,3,Low,12,87,Low value
36,Male,Rent,Single,6.71,43200,0,NA,24,917,Medium value
50,Female,Rent,Married,7.88,114100,1,NA,24,1976,High value
38,Male,Own,Married,7.01,96100,3,Low,12,316,Low value
53,Male,Own,Married,7.11,97200,0,NA,12,1634,Medium value
54,Male,Own,Married,18.09,82400,2,High,24,2035,High value
68,Male,Own,Single,11.86,62000,0,High,24,3293,High value
21,Female,Rent,Single,6.93,13400,1,Low,12,143,Low value
52,Male,Own,Married,7.12,108200,3,Low,12,635,Medium value
28,Female,Own,Married,2.94,76200,0,High,12,979,Medium value
48,Male,Rent,Married,4.32,81800,1,High,18,1838,High value
26,Female,Rent,Single,12.1,12000,0,Low,6,264,Low value
40,Male,Own,Married,7.65,76100,0,NA,6,719,Medium value
40,Male,Own,Married,4.53,82100,1,High,18,1308,Medium value
70,Female,Own,Married,5.57,103300,0,High,24,3378,High value
23,Male,Rent,Single,5.27,14200,1,NA,24,400,Low value
50,Female,Own,Single,11.41,47500,0,High,6,847,Medium value
30,Female,Rent,Single,3.41,31300,1,Low,6,357,Low value
27,Female,Rent,Married,12.29,32700,1,NA,18,1276,Medium value
44,Male,Own,Married,6.6,72200,0,High,24,2492,High value
51,Female,Own,Married,5.8,107600,2,Medium,12,1512,Medium value
42,Male,Own,Married,7.24,109900,2,Medium,12,870,Medium value
38,Female,Own,Married,3.97,65400,2,Medium,24,938,Medium value
61,Female,Own,Single,4.82,43300,0,NA,12,1584,Medium value
66,Female,Own,Single,5.68,51900,0,Medium,12,1148,Medium value
44,Female,Own,Married,11.34,80600,0,High,24,2840,High value
50,Female,Rent,Single,4.62,42700,0,Medium,12,827,Medium value
34,Male,Rent,Single,18.46,19000,0,NA,12,428,Low value
31,Female,Rent,Single,5.06,14500,1,Low,6,183,Low value
51,Female,Own,Married,2.21,68200,1,NA,6,818,Medium value
25,Male,Rent,Married,6.72,36700,0,Medium,12,731,Medium value
65,Male,Own,Married,15.36,54600,0,High,24,2163,High value
55,Male,Own,Married,3.07,65900,1,Medium,12,1081,Medium value
35,Male,Own,Single,14.96,39600,0,NA,12,1085,Medium value
31,Male,Rent,Married,15.36,67300,3,NA,6,1212,Medium value
45,Male,Own,Single,3.25,59700,1,NA,18,1422,Medium value
42,Female,Own,Married,14.33,102800,2,High,18,2238,High value
45,Female,Rent,Single,5.76,34700,0,NA,18,1615,Medium value
36,Male,Own,Single,7.17,50600,3,NA,6,713,Medium value
53,Male,Rent,Married,2.97,106700,2,Medium,6,607,Medium value
48,Male,Rent,Single,2.74,53900,1,Medium,6,735,Medium value
23,Female,Rent,Married,4.93,25500,2,Low,6,139,Low value
19,Male,Rent,Married,16.28,46300,1,Medium,18,1357,Medium value
67,Male,Own,Married,5.65,55500,0,Medium,18,858,Medium value
24,Female,Own,Single,2.03,27800,3,NA,12,408,Low value
48,Male,Own,Married,7.51,118600,1,NA,12,1553,Medium value
46,Female,Own,Married,2.02,130700,3,NA,6,2070,High value
67,Male,Rent,Single,4.05,42800,0,Medium,12,922,Medium value
43,Female,Own,Married,12.69,118300,1,High,12,2502,High value
23,Female,Rent,Single,17.98,25600,2,NA,18,426,Low value
37,Male,Rent,Married,7.65,63500,2,NA,24,2321,High value
66,Female,Own,Single,6.51,30900,0,Medium,18,862,Medium value
44,Male,Own,Single,2.81,55900,1,NA,24,2555,High value
40,Male,Own,Single,18.42,53900,0,NA,12,1186,Medium value
58,Male,Own,Married,6.58,84300,0,High,24,2842,High value
66,Male,Own,Single,6,53400,1,Medium,12,886,Medium value
54,Male,Own,Married,6.04,96900,1,High,12,1420,Medium value
37,Male,Rent,Single,15.41,55800,1,NA,6,821,Medium value
25,Female,Rent,Married,4.55,25900,1,Low,6,242,Low value
18,Female,Rent,Single,3.88,22000,1,Low,12,472,Low value
54,Female,Rent,Married,7.42,96700,2,Medium,12,1231,Medium value
50,Female,Rent,Single,4.19,40200,1,NA,12,881,Medium value
62,Male,Own,Married,5.56,26800,0,Low,12,435,Low value
21,Female,Rent,Single,2.98,16700,2,Low,12,108,Low value
26,Female,Rent,Married,2.56,40900,2,Low,18,576,Medium value
18,Male,Rent,Married,18.24,41500,3,NA,24,1314,Medium value
32,Male,Rent,Single,7.32,20900,0,NA,6,296,Low value
33,Female,Rent,Married,5.31,69700,2,Medium,6,584,Medium value
56,Male,Rent,Single,6.5,61800,0,High,24,1156,Medium value
51,Male,Own,Married,6.93,102500,1,High,24,2464,High value
50,Female,Own,Married,2.71,48900,3,NA,18,915,Medium value
54,Male,Own,Single,6.31,60300,0,NA,24,2091,High value
30,Male,Rent,Married,16.83,41600,0,High,24,1690,High value
53,Male,Own,Single,3.21,73700,1,Medium,12,1274,Medium value
29,Female,Rent,Single,6.92,27000,1,NA,24,1012,Medium value
38,Female,Rent,Single,5.98,43700,0,Medium,12,950,Medium value
21,Male,Rent,Single,6.13,10200,2,NA,12,333,Low value
38,Female,Own,Married,4.58,63300,2,Medium,24,679,Medium value
30,Female,Own,Single,13.21,33200,2,Medium,12,607,Medium value
64,Female,Own,Married,11.08,78800,0,High,18,3398,High value
50,Male,Own,Married,2.44,82500,0,High,6,859,Medium value
51,Male,Own,Single,17.97,80800,2,High,18,2444,High value
38,Male,Own,Married,2.18,88100,2,Medium,24,1078,Medium value
46,Male,Rent,Married,18.22,124800,3,High,18,2537,High value
28,Male,Own,Single,4.41,31900,0,Medium,6,616,Medium value
52,Female,Own,Single,5.44,53300,3,NA,6,508,Medium value
60,Male,Own,Married,14.13,15400,0,Low,6,297,Low value
56,Male,Own,Married,5.77,70200,0,NA,6,1583,Medium value
30,Female,Rent,Single,7.05,23000,3,Low,6,79,Low value
36,Female,Own,Married,4.54,82400,2,Medium,18,657,Medium value
52,Female,Own,Married,4.88,97900,0,High,24,2149,High value
58,Female,Rent,Married,18.34,88400,0,High,18,3632,High value
36,Female,Own,Married,2.08,86900,0,High,18,2230,High value
47,Female,Own,Single,5.82,45100,1,Medium,12,448,Low value
52,Male,Rent,Single,5.41,41800,3,Low,24,301,Low value
62,Male,Own,Married,3.29,74800,0,High,18,1968,High value
37,Female,Rent,Married,4.15,73000,1,Medium,6,490,Medium value
37,Male,Own,Married,3.31,118500,1,High,24,3063,High value
55,Male,Own,Single,6.06,65300,3,Low,6,193,Low value
37,Female,Rent,Married,2.16,66300,2,Medium,12,544,Medium value
44,Male,Own,Married,12.66,103900,1,High,24,2666,High value
50,Female,Own,Married,2.87,71900,0,High,18,1846,High value
56,Male,Own,Married,10.12,86100,1,NA,12,1255,Medium value
38,Male,Own,Married,3.98,96300,1,High,12,1081,Medium value
31,Female,Rent,Single,4.33,10200,3,NA,6,199,Low value
46,Male,Own,Married,3.89,96300,2,NA,18,3916,High value
59,Female,Own,Single,16.68,24000,1,Low,6,357,Low value
44,Female,Rent,Married,6.29,46700,0,Medium,24,983,Medium value
37,Female,Rent,Single,2.62,53700,2,NA,12,1194,Medium value
55,Male,Rent,Married,4.21,108300,2,NA,12,2224,High value
20,Female,Rent,Single,7.02,12100,1,Low,6,90,Low value
23,Male,Rent,Married,6.65,36600,0,NA,6,587,Medium value
69,Male,Own,Married,2.46,66300,0,High,12,1088,Medium value
34,Female,Own,Single,4.13,33400,1,NA,6,617,Medium value
38,Male,Own,Married,16.53,70000,1,NA,6,1227,Medium value
40,Female,Own,Single,4.13,47900,1,Medium,24,662,Medium value
45,Female,Rent,Married,4.56,40500,2,Low,18,622,Medium value
67,Male,Own,Single,5.53,69100,0,High,12,1477,Medium value
35,Female,Rent,Single,7.58,13300,1,NA,6,236,Low value
41,Female,Rent,Married,12.42,75800,1,High,12,1830,High value
56,Female,Rent,Married,7.72,48600,0,Medium,24,1583,Medium value
69,Female,Own,Single,3.1,39600,0,Medium,12,610,Medium value
28,Female,Rent,Single,2.71,11700,0,Low,12,193,Low value
33,Male,Rent,Married,7.06,52600,1,Medium,12,1052,Medium value
21,Male,Rent,Single,3.13,14600,3,NA,6,307,Low value
69,Male,Own,Married,7,123000,0,High,24,3671,High value
67,Female,Rent,Married,17.79,64600,0,High,18,2206,High value
53,Female,Own,Single,16.85,34600,2,Medium,18,748,Medium value
53,Male,Own,Married,6.96,74500,0,High,6,1481,Medium value
68,Male,Own,Married,5.4,56600,0,NA,24,1607,Medium value
64,Female,Rent,Single,7.23,37000,1,NA,6,632,Medium value
23,Female,Rent,Single,19.96,18400,1,Low,6,303,Low value
23,Male,Rent,Single,3.31,25000,0,Low,6,264,Low value
39,Male,Own,Married,12.65,61400,1,High,24,1575,Medium value
45,Male,Own,Married,2.86,76400,2,Medium,18,881,Medium value
31,Male,Own,Married,2.18,55100,0,Medium,18,1439,Medium value
60,Female,Own,Married,14.04,22800,0,NA,12,452,Low value
58,Female,Own,Married,4.86,10100,1,Low,6,93,Low value
31,Male,Rent,Single,3.09,17800,0,Low,18,292,Low value
51,Female,Own,Married,2.07,59100,1,NA,6,1426,Medium value
32,Female,Rent,Single,19.79,19700,2,Low,6,330,Low value
50,Male,Own,Married,18.14,73800,0,High,24,3120,High value
55,Male,Own,Married,14.63,113300,1,High,18,5151,High value
49,Male,Own,Married,12.22,118400,2,NA,12,3941,High value
42,Male,Own,Married,6.53,92300,1,NA,24,2141,High value
31,Male,Rent,Single,7.9,11200,0,NA,6,106,Low value
25,Female,Rent,Married,18.27,30100,0,Medium,12,530,Medium value
38,Female,Own,Single,5.18,43500,1,Medium,12,500,Medium value
49,Male,Own,Married,6.63,97500,0,High,18,2837,High value
60,Male,Own,Married,5.76,54600,0,Medium,24,1246,Medium value
42,Male,Rent,Single,16.31,42500,1,NA,6,798,Medium value
53,Male,Own,Single,6.51,82800,0,NA,6,1544,Medium value
58,Male,Own,Married,19.47,62300,0,High,24,2644,High value
22,Male,Rent,Single,15.88,21900,2,NA,6,192,Low value
41,Female,Rent,Single,12.78,35600,3,Low,18,865,Medium value
44,Male,Own,Married,3.74,96900,0,High,6,1159,Medium value
35,Female,Rent,Married,4.52,36900,1,NA,18,1480,Medium value
49,Female,Rent,Married,7.73,93500,1,High,18,1426,Medium value
37,Male,Own,Married,5.58,97300,1,NA,12,3048,High value
33,Male,Rent,Single,4.27,21900,0,Low,12,276,Low value
56,Male,Rent,Single,2.55,63000,0,High,24,1910,High value
21,Female,Rent,Single,4.55,11500,3,NA,6,157,Low value
36,Male,Own,Single,3.48,44600,2,Low,6,236,Low value
34,Female,Rent,Single,2.51,21900,1,NA,12,576,Medium value
43,Male,Rent,Single,16.76,45100,1,Medium,12,794,Medium value
62,Female,Own,Married,7.24,74900,0,High,12,1474,Medium value
34,Male,Rent,Single,4.95,14200,0,Low,6,250,Low value
32,Female,Rent,Single,16.36,23200,2,NA,24,788,Medium value
57,Male,Own,Married,4.4,73300,0,NA,12,1694,High value
64,Male,Own,Married,14.53,41300,0,High,24,1985,High value
62,Female,Own,Single,13.21,32700,0,Medium,24,1252,Medium value
59,Female,Own,Single,3.51,35200,0,NA,12,827,Medium value
33,Female,Rent,Single,4.32,13100,0,NA,18,314,Low value
51,Male,Own,Married,5.22,97400,1,High,6,880,Medium value
32,Female,Rent,Single,18.81,23100,2,Low,6,466,Low value
38,Male,Own,Single,2.33,49200,3,Low,12,210,Low value
55,Male,Own,Single,11.59,45000,1,NA,18,902,Medium value
42,Male,Own,Married,4.23,87200,0,High,18,1274,Medium value
48,Male,Own,Single,7.19,49900,1,NA,24,1631,Medium value
49,Male,Own,Married,5.38,66900,0,High,12,1220,Medium value
50,Female,Own,Single,3.27,47600,1,Medium,12,801,Medium value
54,Female,Own,Single,5.87,47900,0,NA,12,1090,Medium value
43,Male,Own,Single,3.01,59400,0,Medium,18,1699,High value
55,Female,Rent,Single,4.06,32700,2,Low,6,273,Low value
42,Male,Rent,Single,3.47,34200,1,Low,18,523,Medium value
53,Male,Own,Married,7.61,96600,0,NA,12,1437,Medium value
46,Female,Own,Married,4.33,126300,1,High,6,1888,High value
22,Male,Rent,Single,4.2,31600,1,NA,12,476,Low value
38,Female,Own,Married,17.33,108100,3,High,18,2632,High value
43,Female,Rent,Single,3.93,43300,3,Low,24,326,Low value
70,Female,Rent,Single,19.89,17900,0,Low,6,446,Low value
40,Male,Own,Single,11.96,50100,1,High,18,1071,Medium value
61,Female,Own,Married,4.77,74700,0,High,12,1699,High value
62,Male,Rent,Married,7.64,60000,0,Medium,6,966,Medium value
35,Male,Own,Single,7.2,33400,0,NA,12,567,Medium value
37,Female,Rent,Married,4.76,68800,0,NA,6,1658,Medium value
49,Female,Rent,Single,3.64,25700,2,Low,6,173,Low value
54,Male,Own,Married,4.53,83700,0,High,24,3344,High value
53,Male,Rent,Single,5.92,50500,0,Medium,12,1029,Medium value
34,Female,Rent,Single,4.54,17300,0,Low,12,345,Low value
54,Male,Own,Single,2.88,45800,0,NA,6,712,Medium value
70,Male,Own,Married,7.29,108900,0,High,12,1841,High value
48,Female,Rent,Married,4.2,60500,2,Low,6,409,Low value
56,Female,Own,Married,18.25,84100,0,High,18,2710,High value
24,Male,Rent,Married,15.57,25100,0,Medium,12,592,Medium value
40,Male,Own,Married,6.83,69900,1,NA,18,2101,High value
47,Male,Own,Married,6.46,97100,0,NA,12,1473,Medium value
47,Female,Own,Married,5.09,72200,2,Medium,18,715,Medium value
60,Female,Own,Married,12.21,78900,0,High,18,2233,High value
47,Female,Own,Single,10.54,62500,3,NA,6,921,Medium value
30,Female,Rent,Single,4.11,17800,1,Low,6,216,Low value
45,Female,Own,Married,3.87,105500,1,High,6,1781,High value
43,Female,Own,Single,3.9,46100,2,Low,12,418,Low value
21,Male,Rent,Single,7.27,27100,1,Low,12,268,Low value
20,Male,Rent,Married,13.63,60300,1,NA,6,1252,Medium value
26,Female,Rent,Single,2.82,12000,0,Low,6,140,Low value
48,Female,Own,Single,7.61,48400,0,Medium,12,992,Medium value
36,Male,Rent,Single,3.15,45600,0,Medium,18,1388,Medium value
46,Female,Own,Single,2.57,35200,2,Low,6,233,Low value
47,Male,Rent,Single,17.45,60200,0,High,24,2304,High value
47,Female,Rent,Married,19.9,53900,1,High,18,2177,High value
47,Male,Own,Married,2.32,70400,2,NA,12,1127,Medium value
19,Male,Rent,Married,5.09,36900,0,Medium,18,721,Medium value
66,Female,Own,Single,6.19,36100,0,Medium,12,438,Low value
19,Female,Rent,Single,2.4,11000,2,NA,18,393,Low value
44,Male,Own,Single,4.15,61600,0,NA,18,1666,Medium value
44,Male,Own,Married,4.12,88700,1,NA,18,2448,High value
40,Female,Own,Married,12.57,88600,1,High,18,2563,High value
46,Male,Rent,Married,6.22,79500,0,High,18,1763,High value
19,Female,Rent,Single,5.11,18900,1,Low,6,184,Low value
65,Female,Own,Single,3.4,17300,0,Low,6,166,Low value
44,Female,Rent,Married,2.07,81400,2,NA,6,1014,Medium value
28,Male,Rent,Married,2.36,36500,0,Medium,24,1140,Medium value
37,Female,Own,Single,7.4,43300,1,NA,18,1021,Medium value
39,Male,Own,Married,4.87,76700,1,Medium,24,1431,Medium value
47,Male,Own,Married,17.05,123000,1,High,24,5878,High value
53,Male,Own,Single,6.51,56300,3,Low,6,321,Low value
53,Male,Own,Married,7.41,70000,0,High,24,1974,High value
44,Male,Own,Single,2.24,48100,0,Medium,18,1640,Medium value
25,Female,Rent,Married,4.38,79400,0,NA,6,1175,Medium value
42,Female,Own,Married,7.29,63700,3,Low,12,364,Low value
19,Male,Rent,Single,4.11,21200,0,NA,12,417,Low value
51,Male,Rent,Single,4.82,53900,0,Medium,12,1060,Medium value
68,Female,Own,Married,2.92,118800,0,High,18,2176,High value
36,Female,Own,Married,4.71,79400,3,Low,6,200,Low value
62,Female,Rent,Single,13.66,20400,0,NA,24,513,Medium value
49,Male,Rent,Single,3.7,52400,0,NA,18,857,Medium value
61,Female,Own,Single,2.3,17600,0,Low,6,224,Low value
33,Male,Rent,Single,6.11,23500,0,Low,12,371,Low value
35,Male,Rent,Married,3.34,56900,2,Low,12,687,Medium value
50,Male,Own,Married,2.54,95100,2,Medium,12,809,Medium value
54,Male,Own,Married,3.43,119800,2,Medium,24,2090,High value
58,Male,Own,Single,7.63,58700,0,NA,24,1479,Medium value
43,Female,Own,Married,5.01,76700,2,Medium,6,534,Medium value
40,Male,Own,Married,2.33,67600,1,Medium,18,1172,Medium value
44,Male,Own,Single,5.16,61500,2,Medium,24,968,Medium value
59,Female,Own,Married,3.46,72900,0,High,6,753,Medium value
65,Female,Rent,Single,3.29,21200,0,Low,6,242,Low value
60,Male,Rent,Single,7.09,32400,1,Low,12,515,Medium value
37,Female,Own,Married,7.61,62200,3,NA,24,2119,High value
61,Female,Own,Single,4.38,24400,0,Low,6,491,Medium value
46,Male,Own,Married,4.64,66500,3,Low,12,286,Low value
63,Female,Rent,Married,12.12,72200,0,High,24,3069,High value
20,Female,Rent,Single,4.15,16900,2,NA,6,281,Low value
27,Male,Rent,Married,2.92,56300,0,NA,24,1608,Medium value
68,Female,Own,Single,19.4,22000,0,Medium,12,736,Medium value
29,Female,Rent,Single,4.84,18800,2,Low,18,170,Low value
30,Female,Rent,Single,6.42,26600,2,Low,24,245,Low value
50,Female,Rent,Married,7.26,72100,0,High,24,3052,High value
49,Male,Own,Single,13.3,55600,0,High,18,1786,High value
24,Female,Rent,Single,2.29,14600,3,Low,6,47,Low value
57,Male,Own,Married,2.2,45900,0,Medium,24,1645,Medium value
20,Female,Own,Single,6.19,15100,0,Low,6,274,Low value
42,Male,Own,Married,5.27,140700,3,Medium,12,1001,Medium value
39,Male,Own,Married,2.34,90300,0,High,24,1944,High value
68,Male,Own,Married,4.77,95900,0,High,24,2585,High value
21,Male,Rent,Single,11.15,20800,0,NA,6,260,Low value
38,Male,Own,Married,4.73,98400,0,High,12,1414,Medium value
29,Female,Rent,Single,3.33,15000,2,NA,12,341,Low value
24,Male,Rent,Single,2.82,17700,1,Low,12,268,Low value
48,Male,Own,Married,2.75,102400,1,High,18,1237,Medium value
29,Male,Rent,Single,16.07,17800,1,NA,18,589,Medium value
34,Male,Rent,Single,12.52,13800,1,Low,12,368,Low value
54,Female,Rent,Single,5.79,50500,1,Medium,12,940,Medium value
39,Female,Rent,Single,3.1,42000,3,Low,18,232,Low value
52,Male,Own,Married,3.14,95800,3,Low,12,678,Medium value
28,Male,Rent,Single,4.06,15200,0,NA,12,324,Low value
21,Male,Rent,Single,5.34,15800,2,Low,12,147,Low value
65,Male,Own,Single,2.97,51400,0,NA,6,694,Medium value
56,Female,Rent,Married,4.77,38200,0,Medium,6,526,Medium value
42,Female,Rent,Single,7.67,39900,1,Low,12,586,Medium value
31,Female,Own,Single,4.61,21600,2,NA,12,491,Medium value
62,Female,Own,Married,6.56,65900,0,High,24,1436,Medium value
43,Female,Own,Married,5.78,97500,1,High,12,1280,Medium value
53,Male,Rent,Married,15.27,63000,0,High,18,2107,High value
19,Female,Own,Single,18.44,31900,0,NA,12,860,Medium value
43,Female,Rent,Single,11.93,45500,1,NA,18,1624,Medium value
60,Female,Own,Single,5.1,12800,0,NA,12,230,Low value
70,Female,Own,Married,16.13,12600,2,Low,12,164,Low value
36,Male,Rent,Single,4.73,50700,3,Low,6,157,Low value
34,Female,Rent,Single,7.78,17900,3,Low,6,62,Low value
29,Female,Rent,Single,2.22,14400,1,Low,18,223,Low value
68,Female,Own,Single,4.79,23800,0,Low,6,438,Low value
46,Male,Own,Married,4.91,84700,3,NA,24,2705,High value
41,Female,Rent,Single,5.98,36900,1,Low,6,371,Low value
67,Female,Own,Single,3.47,20600,0,Low,6,201,Low value
19,Male,Rent,Married,5.96,41500,0,NA,24,1213,Medium value
50,Male,Own,Married,7.79,83100,2,Medium,6,586,Medium value
43,Male,Own,Married,10.13,88700,2,High,24,2693,High value
59,Female,Own,Married,6.53,54700,0,Medium,24,1404,Medium value
42,Male,Own,Single,6.69,68900,2,NA,18,2784,High value
22,Female,Rent,Single,7.14,22200,2,Low,18,275,Low value
42,Female,Own,Married,7.59,70900,1,Medium,12,794,Medium value
36,Male,Own,Single,2.99,55900,0,Medium,12,964,Medium value
48,Female,Own,Married,3.86,80800,1,NA,18,1598,Medium value
55,Male,Own,Married,11.07,100600,3,High,24,2838,High value
65,Female,Own,Single,2.35,39900,0,NA,6,619,Medium value
26,Female,Rent,Married,5.44,71200,3,Low,12,392,Low value
60,Female,Own,Married,2.45,61000,0,NA,18,1850,High value
57,Male,Own,Single,6.05,38700,0,NA,24,1506,Medium value
54,Male,Own,Married,12,98900,0,NA,18,3126,High value
36,Male,Own,Single,3.39,64300,0,NA,6,1325,Medium value
42,Female,Own,Married,6.92,75600,0,NA,12,1541,Medium value
30,Female,Rent,Married,18.57,53700,0,High,24,2491,High value
46,Male,Own,Single,2.85,66600,0,High,18,1177,Medium value
68,Female,Own,Married,5.65,89000,0,High,12,1487,Medium value
31,Female,Rent,Single,14.68,18200,2,Low,12,322,Low value
22,Female,Rent,Married,7.5,73600,1,Medium,6,647,Medium value
44,Female,Rent,Single,15.24,45600,0,High,12,1322,Medium value
34,Male,Own,Married,7.51,73000,0,NA,6,1534,Medium value
22,Male,Own,Single,7.79,29600,3,NA,12,583,Medium value
50,Male,Rent,Married,7.86,92900,1,NA,6,1705,High value
60,Female,Rent,Single,17.34,13900,0,Low,6,191,Low value
26,Male,Rent,Married,2.31,64300,3,Low,6,239,Low value
55,Male,Own,Married,4.4,77100,2,Medium,6,568,Medium value
27,Female,Own,Single,6.49,27500,3,NA,12,571,Medium value
66,Male,Rent,Married,6.82,81800,0,High,6,919,Medium value
57,Female,Rent,Married,6.93,41700,0,Medium,18,1398,Medium value
62,Female,Own,Married,4.82,51000,0,Medium,12,1025,Medium value
55,Male,Rent,Single,7.53,55900,1,Medium,12,909,Medium value
25,Male,Rent,Single,5.92,19800,2,Low,12,209,Low value
25,Male,Rent,Single,5.77,17600,0,NA,6,245,Low value
40,Male,Rent,Married,14,84100,1,High,24,2362,High value
50,Male,Own,Married,5.5,85600,0,High,24,3380,High value
33,Male,Rent,Single,2.19,13400,0,Low,18,424,Low value
35,Female,Rent,Married,14.91,47200,1,Medium,12,1272,Medium value
38,Male,Own,Married,3.31,96300,1,High,24,1909,High value
42,Male,Own,Married,5.63,60500,3,Low,12,340,Low value
51,Female,Own,Single,5.13,35800,1,NA,24,1355,Medium value
41,Male,Rent,Married,3.54,106100,3,Low,12,472,Low value
31,Male,Rent,Single,7.98,18000,0,Low,12,303,Low value
40,Male,Rent,Single,17,50000,1,NA,6,1079,Medium value
63,Female,Own,Single,3.58,58200,0,Medium,18,981,Medium value
32,Female,Rent,Single,12.05,13500,2,Low,12,160,Low value
44,Female,Own,Married,5.49,59900,1,NA,6,613,Medium value
33,Female,Rent,Single,12.11,18400,1,Low,12,662,Medium value
41,Male,Rent,Married,6.21,62800,3,Low,6,177,Low value
44,Male,Rent,Single,7.01,70000,0,High,6,785,Medium value
19,Female,Rent,Single,16.09,13600,1,NA,18,349,Low value
46,Female,Rent,Married,7.03,97400,3,Low,6,213,Low value
68,Female,Own,Married,14.02,37500,0,Medium,18,1578,Medium value
67,Female,Own,Single,7.01,22800,0,Low,6,258,Low value
22,Female,Rent,Single,6.26,14200,0,NA,6,192,Low value
33,Male,Rent,Single,5.6,18700,0,Low,12,289,Low value
37,Male,Own,Married,2.79,107400,1,High,24,1821,High value
27,Female,Rent,Single,10.05,28900,0,Medium,24,905,Medium value
42,Male,Rent,Married,2.55,38400,2,Low,6,188,Low value
36,Male,Rent,Single,7.55,54200,0,NA,18,1405,Medium value
65,Male,Own,Married,6.35,102700,0,NA,18,2381,High value
33,Female,Rent,Single,6.32,13300,1,Low,6,184,Low value
42,Male,Own,Single,2.4,60200,3,NA,12,1364,Medium value
27,Male,Rent,Single,5.04,21400,0,NA,12,414,Low value
32,Female,Rent,Single,4.37,21700,2,NA,6,387,Low value
21,Male,Rent,Single,2.2,23200,1,Low,24,504,Medium value
40,Male,Own,Married,6.49,64800,2,Medium,12,574,Medium value
41,Male,Rent,Single,4.36,55600,0,Medium,6,984,Medium value
38,Male,Own,Married,11.67,89500,0,High,24,5209,High value
25,Female,Rent,Single,10.8,12500,1,NA,12,422,Low value
39,Male,Own,Married,2.01,87000,0,High,24,1594,Medium value
48,Female,Rent,Single,12.76,31200,3,NA,24,1087,Medium value
26,Female,Rent,Single,6.64,13700,1,NA,6,163,Low value
42,Male,Own,Single,7.64,55500,3,Low,18,427,Low value
44,Female,Rent,Single,7.34,58600,1,Medium,6,624,Medium value
23,Female,Own,Married,18.49,55900,1,NA,6,788,Medium value
23,Female,Rent,Single,16.7,13700,2,NA,24,414,Low value
60,Female,Own,Married,18.49,81400,0,High,24,3001,High value
68,Female,Own,Married,2.57,90500,0,High,6,863,Medium value
44,Female,Own,Married,2.04,82200,1,NA,12,1517,Medium value
44,Male,Own,Married,18.02,65400,3,NA,6,836,Medium value
42,Male,Own,Single,5.56,74400,0,High,12,1152,Medium value
34,Male,Rent,Married,15.22,63300,3,NA,6,1408,Medium value
24,Male,Rent,Married,16.82,51600,0,NA,12,1082,Medium value
21,Male,Rent,Married,14.27,55000,0,NA,12,1162,Medium value
41,Female,Own,Single,7.38,43900,2,Low,6,358,Low value
20,Female,Own,Single,7.74,20300,1,Low,12,304,Low value
25,Female,Own,Single,14.35,16300,0,NA,12,360,Low value
51,Male,Own,Married,5.56,97600,2,Medium,12,1162,Medium value
68,Female,Rent,Single,19.14,15100,0,Low,6,348,Low value
21,Female,Rent,Single,2.9,12500,3,NA,12,206,Low value
19,Female,Rent,Single,7.2,10600,2,Low,12,114,Low value
42,Female,Own,Single,3.07,41300,1,NA,18,932,Medium value
25,Female,Own,Single,5.95,27200,2,Low,18,446,Low value
37,Male,Own,Married,7.49,102400,1,NA,12,2466,High value
30,Female,Own,Single,11.57,27900,1,NA,12,576,Medium value
68,Male,Rent,Married,15.02,23800,0,NA,12,428,Low value
55,Male,Own,Married,7.34,100000,1,High,24,2247,High value
37,Female,Rent,Married,16.05,43300,3,Medium,24,716,Medium value
46,Male,Own,Married,7.95,65800,1,NA,12,1017,Medium value
50,Female,Own,Married,5.27,49700,2,Low,18,613,Medium value
52,Female,Rent,Married,2.52,82300,2,Medium,12,580,Medium value
41,Male,Rent,Single,3.12,41200,0,Medium,12,841,Medium value
25,Male,Rent,Single,3.37,29200,0,Low,18,737,Medium value
41,Female,Own,Single,2.62,51900,2,NA,12,1162,Medium value
43,Female,Own,Married,7.12,85500,2,Medium,18,895,Medium value
31,Female,Rent,Single,18.82,12400,3,Low,18,205,Low value
37,Female,Own,Married,7.81,111900,1,NA,12,2340,High value
37,Female,Rent,Single,4.28,40400,1,Low,24,630,Medium value
21,Male,Rent,Single,18.58,10900,0,Low,24,407,Low value
43,Male,Own,Married,3.9,82400,3,NA,18,2122,High value
34,Female,Rent,Single,7.37,13200,1,Low,12,227,Low value
54,Male,Rent,Single,2.9,57800,0,Medium,24,1149,Medium value
63,Female,Own,Married,2.69,52200,1,Medium,12,669,Medium value
51,Male,Rent,Married,10.86,64600,2,NA,24,2935,High value
47,Female,Own,Single,5.78,43100,0,NA,24,1444,Medium value
62,Female,Own,Married,17.63,40100,0,Medium,12,1384,Medium value
62,Male,Own,Married,2.46,84500,0,NA,12,1557,Medium value
65,Male,Rent,Married,6.15,34500,0,Medium,12,802,Medium value
32,Female,Rent,Married,4.63,61000,1,NA,18,1611,Medium value
68,Female,Own,Married,11.68,79300,0,NA,12,2047,High value
39,Male,Rent,Single,5.69,44500,0,Medium,24,1175,Medium value
19,Male,Rent,Married,5.4,39700,0,Medium,18,1011,Medium value
63,Female,Own,Single,3.1,30300,0,Low,18,1062,Medium value
21,Female,Rent,Single,5.97,20100,1,Low,12,271,Low value
65,Male,Own,Married,13.8,86500,0,High,24,2690,High value
64,Female,Rent,Single,4.93,42500,0,Medium,24,918,Medium value
47,Male,Own,Married,2.05,102300,0,High,24,2438,High value
43,Female,Own,Single,18.43,52600,2,Medium,12,1307,Medium value
38,Female,Rent,Single,18.6,37800,2,NA,12,1185,Medium value
22,Female,Rent,Single,4.88,20300,2,Low,12,180,Low value
38,Male,Own,Married,2.06,71600,1,NA,12,1198,Medium value
26,Male,Rent,Married,4.13,54500,1,Medium,18,1001,Medium value
52,Male,Rent,Single,4.88,54700,0,Medium,24,1355,Medium value
49,Male,Rent,Single,12.64,58600,2,NA,6,989,Medium value
39,Male,Rent,Single,12.34,53800,0,High,12,1803,High value
43,Female,Own,Married,5.22,131500,3,NA,6,2840,High value
37,Male,Rent,Single,14.43,52200,0,High,24,1909,High value
29,Male,Rent,Married,6.75,37200,1,Low,6,247,Low value
24,Male,Rent,Single,10.61,22900,1,NA,12,814,Medium value
32,Male,Rent,Married,3.13,55500,3,Low,12,216,Low value
19,Female,Rent,Single,11.24,12800,1,NA,24,365,Low value
25,Female,Rent,Single,6.6,17600,2,Low,18,163,Low value
67,Female,Own,Single,10.37,28300,0,Medium,24,933,Medium value
58,Male,Own,Single,3.01,41900,0,Medium,6,654,Medium value
30,Female,Rent,Single,6.78,14100,3,NA,6,153,Low value
52,Male,Rent,Single,5.8,52100,0,NA,12,1668,Medium value
50,Male,Rent,Single,15.43,38700,1,Medium,18,1009,Medium value
50,Female,Rent,Single,15.55,44100,1,Medium,18,1659,Medium value
54,Male,Own,Married,10.28,79200,1,High,6,1905,High value
31,Female,Rent,Single,7.45,22600,3,NA,6,521,Medium value
51,Male,Rent,Single,2.16,55100,2,NA,6,826,Medium value
60,Female,Own,Married,18.84,70400,0,High,18,2610,High value
50,Male,Own,Married,6.09,107300,2,Medium,24,1194,Medium value
39,Female,Rent,Married,5.93,66500,1,NA,24,1181,Medium value
33,Male,Rent,Single,7.64,10200,0,NA,24,362,Low value
25,Female,Own,Single,12.18,41000,1,Medium,12,768,Medium value
44,Female,Rent,Single,6.07,26200,1,Low,12,381,Low value
39,Male,Rent,Married,15.72,72200,3,Medium,18,1811,High value
45,Male,Rent,Single,11.04,36700,1,Medium,24,1218,Medium value
67,Male,Own,Married,18.83,74500,0,NA,18,1413,Medium value
49,Female,Own,Single,3.79,60200,1,NA,12,1748,High value
64,Male,Rent,Single,3.32,34500,0,Medium,24,639,Medium value
61,Female,Own,Married,2.23,83700,0,High,18,1582,Medium value
22,Male,Rent,Single,11.99,14800,1,NA,12,376,Low value
55,Male,Own,Married,7.94,106400,0,NA,12,1757,High value
34,Female,Rent,Married,7.23,42000,3,Low,6,105,Low value
50,Male,Rent,Married,3.87,118800,0,High,12,2631,High value
18,Female,Own,Single,12,21900,2,Low,24,486,Low value
50,Male,Rent,Single,6.76,39500,1,NA,6,412,Low value
38,Male,Rent,Single,6.75,45900,0,Medium,12,716,Medium value
19,Female,Rent,Married,5.74,37100,2,Low,24,653,Medium value
41,Female,Rent,Single,5.39,28200,1,Low,6,224,Low value
39,Male,Rent,Married,2.87,74600,2,Medium,18,705,Medium value
40,Male,Own,Married,2.4,122700,1,NA,18,4984,High value
18,Female,Rent,Single,5.54,14200,2,Low,18,197,Low value
40,Male,Own,Married,12.3,75500,0,NA,18,2450,High value
42,Male,Own,Single,2.7,62900,0,NA,24,2561,High value
26,Male,Rent,Single,16.35,19400,0,Low,6,563,Medium value
45,Female,Rent,Single,7.92,46600,0,NA,12,546,Medium value
51,Male,Own,Married,10.84,79700,1,High,24,3384,High value
50,Male,Own,Single,3.92,45900,2,Low,12,416,Low value
68,Female,Own,Married,2.25,42800,0,Medium,6,685,Medium value
68,Male,Own,Married,15.53,65500,0,High,24,1931,High value
66,Female,Rent,Single,6.81,33600,0,Medium,12,573,Medium value
40,Female,Own,Single,14.46,55600,1,High,18,1553,Medium value
31,Female,Rent,Single,5.51,24000,2,NA,6,362,Low value
20,Male,Rent,Single,10.03,25700,0,Medium,18,907,Medium value
63,Female,Own,Married,7.17,21500,0,Low,18,445,Low value
61,Female,Rent,Married,4.31,68600,0,High,18,1342,Medium value
34,Female,Rent,Single,16.2,23100,2,Low,12,457,Low value
49,Female,Rent,Married,2.76,53300,0,Medium,24,1598,Medium value
59,Female,Own,Married,6.99,112800,0,High,12,1861,High value
63,Male,Own,Married,4.67,124900,0,High,18,4109,High value
53,Female,Own,Single,2.65,72200,0,NA,18,3278,High value
41,Male,Rent,Single,4.08,35100,1,Low,6,421,Low value
66,Female,Rent,Single,5.42,14900,0,NA,12,275,Low value
41,Male,Rent,Single,2.85,72000,0,High,12,1475,Medium value
43,Male,Own,Married,3.83,82400,0,High,18,1779,High value
27,Male,Rent,Married,3.13,41600,3,NA,24,1634,Medium value
52,Female,Own,Married,6.93,68500,2,NA,12,1500,Medium value
31,Male,Own,Married,2.91,62200,0,High,24,1348,Medium value
68,Female,Own,Single,3.43,35900,0,NA,12,962,Medium value
34,Male,Rent,Single,7.71,14100,0,Low,12,328,Low value
19,Female,Rent,Married,6.55,36500,1,NA,18,747,Medium value
50,Female,Own,Married,2.27,86400,1,High,12,1713,High value
58,Female,Rent,Married,3.94,39500,0,Medium,12,1006,Medium value
67,Male,Own,Married,4.74,85300,0,NA,12,2523,High value
68,Female,Own,Married,6.12,110700,0,High,12,2458,High value
29,Male,Rent,Single,16.95,17700,0,Low,18,742,Medium value
20,Female,Rent,Married,16.86,33200,1,NA,24,1639,Medium value
40,Female,Own,Single,4.49,53800,0,Medium,12,843,Medium value
69,Male,Rent,Single,6.31,44400,0,Medium,18,886,Medium value
44,Female,Rent,Married,4.11,135700,1,High,24,2746,High value
31,Female,Rent,Single,19.18,20700,1,Low,12,550,Medium value
45,Male,Rent,Married,15.55,83500,2,High,24,2098,High value
56,Female,Rent,Married,5.07,84200,2,Medium,24,954,Medium value
55,Female,Rent,Married,6.98,79900,1,Medium,12,1041,Medium value
69,Female,Rent,Single,14.87,19700,0,Low,6,535,Medium value
44,Female,Rent,Single,2.24,35300,0,NA,18,1369,Medium value
58,Male,Own,Married,18.72,52000,0,High,18,2545,High value
20,Male,Rent,Single,7.54,21300,1,NA,12,329,Low value
50,Male,Own,Single,2.59,63700,0,NA,6,1351,Medium value
61,Female,Own,Married,2.32,25900,0,Low,18,582,Medium value
51,Male,Rent,Married,4.93,65800,2,Medium,18,578,Medium value
60,Female,Rent,Single,7.66,11000,0,NA,24,195,Low value
60,Female,Rent,Married,6.13,65900,0,High,12,777,Medium value
54,Female,Own,Married,6.98,108100,1,High,12,1133,Medium value
38,Male,Own,Married,2.17,107300,2,Medium,18,1566,Medium value
40,Female,Rent,Married,7.23,79500,0,High,12,1651,Medium value
44,Female,Rent,Married,7.37,95900,0,NA,24,3168,High value
44,Male,Rent,Single,7.99,45200,1,Medium,18,699,Medium value
46,Male,Own,Married,7.29,98500,0,High,18,2034,High value
59,Female,Own,Married,7.22,96200,0,High,12,1457,Medium value
29,Male,Rent,Single,4.31,17900,0,NA,18,395,Low value
55,Male,Own,Married,6.94,42700,0,Medium,6,541,Medium value
42,Male,Own,Single,15.89,49700,0,High,24,2844,High value
50,Female,Rent,Single,2.15,43000,3,Low,24,225,Low value
23,Female,Rent,Single,4.31,15500,1,Low,6,210,Low value
31,Male,Rent,Single,2.83,13000,3,Low,6,43,Low value
56,Female,Rent,Single,2.49,27200,3,Low,24,243,Low value
62,Female,Own,Married,2.09,26700,0,Low,24,1120,Medium value
61,Male,Own,Single,12.97,61000,0,High,6,975,Medium value
38,Female,Own,Married,2.92,76600,3,NA,24,2904,High value
40,Male,Own,Married,7.91,117500,2,Medium,12,927,Medium value
59,Male,Own,Married,6.62,90600,0,High,24,3167,High value
28,Female,Rent,Single,14.3,12600,0,Low,6,241,Low value
62,Female,Own,Single,6.3,12700,2,Low,6,65,Low value
48,Female,Own,Married,18.3,77600,3,Medium,12,858,Medium value
48,Female,Rent,Married,18.74,92400,1,NA,6,2191,High value
57,Female,Rent,Married,7.3,71800,0,High,24,1946,High value
41,Male,Own,Married,10.4,95800,3,NA,12,2581,High value
18,Female,Own,Single,7.02,32600,3,Low,12,172,Low value
47,Male,Own,Married,3.98,74500,2,Medium,12,824,Medium value
65,Female,Rent,Single,6.2,29200,0,Low,12,556,Medium value
26,Female,Rent,Single,15.83,12900,1,Low,6,167,Low value
46,Male,Rent,Married,2.73,117700,1,High,12,2104,High value
42,Female,Own,Married,7.82,64100,1,Medium,18,1332,Medium value
46,Female,Rent,Single,5.07,46500,1,Medium,24,829,Medium value
22,Female,Rent,Single,4.68,12400,1,NA,12,229,Low value
54,Male,Own,Married,16.36,130600,0,High,18,3442,High value
37,Male,Own,Married,11.97,74400,0,High,6,1893,High value
64,Female,Own,Single,17.99,40600,2,Medium,6,690,Medium value
24,Female,Rent,Married,6.81,54200,1,Medium,6,486,Low value
43,Male,Own,Single,12.51,65400,1,High,12,2290,High value
37,Male,Rent,Single,3.18,49100,0,NA,6,934,Medium value
19,Female,Rent,Single,5.15,10600,2,NA,24,517,Medium value
33,Female,Rent,Married,7.09,76400,0,NA,12,2216,High value
47,Female,Rent,Married,7.99,93700,1,High,24,1521,Medium value
49,Male,Rent,Single,19.58,49000,0,High,18,1523,Medium value
43,Female,Own,Married,7.68,96500,1,High,18,1364,Medium value
43,Male,Own,Single,4.5,55600,0,NA,12,952,Medium value
41,Male,Own,Married,4.62,99600,1,High,6,871,Medium value
46,Female,Own,Married,3.65,79900,3,Low,12,295,Low value
59,Female,Rent,Married,6.68,50500,0,Medium,12,642,Medium value
69,Female,Own,Single,10.64,16300,0,Low,6,317,Low value
66,Female,Own,Married,5.42,49200,0,Medium,12,1078,Medium value
39,Male,Own,Single,12.08,48100,2,Medium,18,961,Medium value
48,Male,Own,Single,15.92,61300,2,High,24,1241,Medium value
45,Female,Own,Married,6.21,72600,1,NA,18,1999,High value
23,Male,Rent,Single,16.8,19500,0,NA,24,571,Medium value
18,Female,Rent,Single,7.55,17200,1,NA,12,329,Low value
54,Male,Rent,Single,10.76,51100,0,High,24,1984,High value
50,Male,Own,Single,2.29,76800,1,Medium,18,1061,Medium value
48,Male,Own,Single,11.9,60200,0,High,12,1955,High value
46,Male,Rent,Single,2.46,59100,2,Low,18,580,Medium value
69,Female,Own,Single,3.13,32500,0,Medium,24,883,Medium value
47,Female,Rent,Single,12.6,49500,2,Medium,12,1195,Medium value
44,Male,Own,Married,4.06,109600,1,High,12,2318,High value
26,Female,Rent,Married,7.52,47300,0,NA,6,640,Medium value
38,Male,Rent,Married,6.81,93000,1,High,24,2644,High value
26,Female,Own,Single,14.86,32000,1,NA,24,1320,Medium value
27,Female,Own,Single,5.67,44700,1,Medium,6,502,Medium value
67,Female,Own,Married,7.22,69400,0,High,18,2419,High value
37,Male,Own,Married,6.26,64300,2,Medium,6,661,Medium value
42,Male,Own,Single,15.57,75400,0,High,24,2723,High value
37,Male,Own,Married,4.17,96100,0,High,6,1588,Medium value
64,Female,Own,Married,5.15,118000,3,Low,12,581,Medium value
20,Male,Rent,Married,2.57,69700,1,Medium,12,1432,Medium value
65,Male,Own,Single,6,59300,0,Medium,12,929,Medium value
48,Female,Rent,Married,5.16,88600,3,Low,6,212,Low value
56,Male,Own,Married,5.38,102600,0,High,18,2546,High value
36,Male,Rent,Single,2.89,43700,0,NA,18,1344,Medium value
66,Female,Own,Married,3.18,22400,0,NA,24,947,Medium value
37,Male,Rent,Married,10.65,70500,1,NA,24,2145,High value
51,Male,Own,Married,6.01,54200,1,Medium,6,757,Medium value
50,Female,Own,Single,17.12,25300,1,NA,6,451,Low value
61,Male,Own,Married,7.39,116100,1,High,24,2975,High value
31,Female,Rent,Single,7.71,15900,0,NA,18,406,Low value
49,Female,Own,Single,6.81,46600,3,Low,6,158,Low value
20,Male,Own,Single,5.33,23200,0,NA,24,534,Medium value
29,Male,Rent,Single,7.83,18200,0,Low,12,401,Low value
53,Female,Own,Married,5.51,82700,1,High,18,1753,High value
33,Female,Rent,Single,3.47,17000,0,Low,18,659,Medium value
40,Male,Own,Married,2.49,83000,2,Medium,6,726,Medium value
32,Female,Own,Married,3.78,42400,1,NA,18,1166,Medium value
59,Male,Own,Single,6.05,40200,2,NA,18,1197,Medium value
30,Female,Rent,Single,13.37,17300,0,Low,6,411,Low value
39,Female,Own,Married,2.77,109800,1,High,24,2258,High value
50,Female,Own,Single,17.97,64400,3,Medium,24,1913,High value
32,Female,Rent,Single,16.61,27600,1,Medium,24,893,Medium value
30,Female,Rent,Single,6.71,25100,1,NA,6,421,Low value
39,Female,Own,Single,7.71,46300,3,NA,6,1138,Medium value
59,Female,Own,Married,14.91,74900,0,NA,12,1804,High value
45,Male,Own,Single,6.98,67900,0,High,18,1418,Medium value
49,Male,Rent,Married,6.56,88500,2,Medium,24,1104,Medium value
37,Male,Own,Married,7.31,99200,3,NA,12,2796,High value
65,Female,Own,Married,4.82,62800,0,High,18,1403,Medium value
57,Male,Own,Married,18.42,76900,2,High,24,3230,High value
52,Male,Own,Married,3.09,84100,3,NA,6,1352,Medium value
61,Female,Own,Married,4.96,77600,0,High,18,2004,High value
19,Female,Rent,Single,3.45,19100,1,Low,18,403,Low value
68,Female,Own,Married,12.54,128700,0,High,24,3995,High value
28,Female,Rent,Single,11.28,14400,1,Low,6,390,Low value
57,Male,Rent,Married,2.67,49600,0,Medium,6,770,Medium value
41,Female,Rent,Single,6.55,47000,0,NA,6,963,Medium value
26,Female,Rent,Married,3.66,36600,0,Medium,6,833,Medium value
50,Female,Own,Single,4.02,65800,1,Medium,12,869,Medium value
47,Male,Rent,Married,12.57,52800,2,Medium,12,926,Medium value
37,Male,Own,Married,3.47,96500,0,High,24,3780,High value
52,Female,Rent,Married,2.28,63500,1,Medium,18,1023,Medium value
48,Male,Rent,Single,7.1,60400,1,Medium,6,791,Medium value
38,Male,Own,Married,4.47,102700,3,NA,12,1473,Medium value
49,Male,Own,Married,5.62,100100,2,NA,6,1597,Medium value
46,Male,Rent,Single,7.89,54400,0,Medium,6,1150,Medium value
37,Male,Rent,Married,6.03,105600,3,Low,6,304,Low value
69,Female,Own,Married,11.35,57900,0,High,12,1693,High value
24,Male,Own,Single,3.12,31500,3,Low,18,269,Low value
44,Female,Rent,Married,10.05,60100,1,High,18,1430,Medium value
53,Male,Rent,Married,2.4,87400,2,NA,18,2729,High value
54,Male,Own,Married,5.19,117900,0,High,6,1760,High value
45,Male,Own,Single,6.64,48800,1,Medium,24,1271,Medium value
52,Female,Own,Married,3.8,67900,3,Low,12,356,Low value
63,Male,Rent,Married,11.65,66200,0,NA,6,1024,Medium value
53,Male,Rent,Married,3.49,88000,2,Medium,6,524,Medium value
52,Male,Rent,Married,3.75,94200,1,High,18,1211,Medium value
26,Female,Rent,Single,3.28,29200,3,NA,6,636,Medium value
23,Male,Rent,Single,19.56,15300,0,Low,24,645,Medium value
34,Male,Rent,Single,19.42,17500,0,Low,18,472,Low value
59,Male,Own,Married,4.39,168800,0,High,6,1512,Medium value
36,Male,Rent,Single,17.75,40200,0,High,18,1634,Medium value
31,Male,Rent,Single,5.8,28400,3,Low,18,182,Low value
41,Male,Rent,Married,19.49,72200,3,Medium,18,1042,Medium value
44,Female,Own,Single,16.28,55200,0,High,18,1714,High value
45,Female,Rent,Single,5.81,44600,0,Medium,18,966,Medium value
53,Male,Own,Single,7.24,58400,0,Medium,12,829,Medium value
43,Female,Own,Single,4.86,67800,1,Medium,6,680,Medium value
58,Female,Own,Single,3.31,25500,0,Low,18,636,Medium value
18,Female,Rent,Single,13.57,20000,3,Low,6,182,Low value
38,Male,Rent,Single,17.84,52600,1,NA,18,1773,High value
50,Male,Rent,Married,12.73,97600,1,NA,12,2902,High value
67,Male,Own,Married,6.59,23400,0,Low,6,348,Low value
54,Female,Own,Married,6.2,102500,3,Low,12,548,Medium value
47,Female,Own,Married,10.1,52300,1,High,18,2034,High value
48,Male,Rent,Single,15.74,65400,0,High,12,2296,High value
20,Male,Rent,Single,3.42,19600,0,Low,12,395,Low value
62,Male,Own,Married,13.42,37000,0,Medium,12,850,Medium value
28,Female,Rent,Single,14.96,13200,0,NA,18,512,Medium value
48,Male,Rent,Single,3.52,63800,1,Medium,24,1622,Medium value
65,Female,Rent,Single,16.52,22600,0,NA,12,865,Medium value
57,Female,Own,Single,2.6,37300,0,Medium,6,673,Medium value
30,Male,Rent,Single,15.19,14900,1,NA,12,422,Low value
45,Female,Own,Single,7.67,36700,1,NA,6,529,Medium value
42,Male,Own,Single,3.61,63200,0,High,24,1932,High value
68,Male,Own,Married,6.63,77300,0,High,18,1853,High value
44,Male,Rent,Single,3.69,43100,1,NA,12,1224,Medium value
53,Female,Rent,Single,16.24,44800,1,Medium,6,666,Medium value
58,Female,Rent,Married,6.48,70900,0,High,24,1685,Medium value
48,Female,Rent,Single,18.01,38200,0,Medium,24,1476,Medium value
22,Female,Rent,Single,15.71,18400,1,Low,6,319,Low value
49,Female,Rent,Single,2.37,40700,3,Low,18,232,Low value
66,Male,Own,Single,4.7,71300,0,High,18,1543,Medium value
50,Female,Rent,Single,6.89,36400,2,Low,18,506,Medium value
26,Male,Rent,Single,5.57,15400,0,Low,6,172,Low value
40,Male,Own,Single,16.95,39100,1,Medium,12,1001,Medium value
51,Male,Rent,Single,4.59,43800,0,Medium,12,606,Medium value
33,Male,Rent,Single,12.79,25300,0,Medium,12,591,Medium value
66,Male,Rent,Married,6.06,71800,0,High,12,1389,Medium value
44,Male,Own,Single,5.22,73200,0,High,24,2177,High value
42,Male,Own,Married,18.33,79000,1,High,18,2279,High value
51,Female,Rent,Married,2.79,75200,1,NA,24,2702,High value
32,Female,Rent,Single,4.56,25300,3,NA,6,510,Medium value
68,Female,Own,Married,4.52,43600,0,Medium,12,1047,Medium value
41,Male,Own,Married,6.84,83600,2,Medium,6,538,Medium value
43,Female,Own,Single,18.47,56200,0,High,18,1546,Medium value
26,Male,Rent,Married,7.95,45500,0,Medium,6,754,Medium value
40,Male,Own,Married,6.91,99300,1,High,12,1504,Medium value
56,Male,Own,Married,15.13,108000,3,High,24,1849,High value
43,Female,Own,Married,11.19,84900,1,High,24,3072,High value
38,Male,Own,Married,18.72,93000,3,High,6,1046,Medium value
53,Female,Own,Married,5.04,82000,0,High,18,1800,High value
58,Female,Own,Single,2.08,33000,3,NA,6,700,Medium value
38,Female,Own,Single,5.18,36900,2,Low,24,514,Medium value
40,Female,Rent,Single,2.53,33200,1,NA,6,320,Low value
28,Male,Rent,Married,3.82,49300,0,NA,24,1692,High value
58,Male,Rent,Married,16.63,66200,0,High,24,2057,High value
55,Male,Own,Married,18.77,96800,2,High,18,2299,High value
61,Male,Own,Single,7.04,63200,0,High,24,1507,Medium value
63,Male,Own,Married,11.2,112900,0,High,24,6217,High value
40,Female,Rent,Single,3.27,32100,2,Low,24,405,Low value
47,Male,Own,Married,19.84,102700,1,High,18,3785,High value
42,Male,Own,Married,2.94,123800,2,NA,18,3537,High value
69,Female,Rent,Single,15.2,11700,0,Low,18,540,Medium value
43,Male,Own,Married,4.83,101700,1,NA,6,941,Medium value
54,Female,Own,Married,15.13,99200,0,High,24,5503,High value
29,Male,Rent,Single,3.28,17600,0,NA,6,273,Low value
21,Female,Rent,Single,3.76,19400,1,NA,18,384,Low value
43,Male,Rent,Single,11.18,40500,1,NA,18,1073,Medium value
60,Male,Own,Single,7.35,44800,0,Medium,24,1417,Medium value
54,Male,Own,Married,3.67,79000,2,Medium,18,671,Medium value
19,Male,Rent,Married,7.79,53600,1,Medium,24,973,Medium value
